xNameData,vipScore
EGFR_1,0.536495974127872
AGEV_1,0.0505689914350811
SBP_1,0.0827010870335685
TOTCHOL_1,0.37616308437673
DPP4_LUM_num_1,0.79854319074489
ICAM1_LUM_num_1,0.34825215035816
LEP_LUM_num_1,0.754072345284808
ADIPOQ_LUM_num_1,0.208295203571916
SERPINE1_LUM_num_1,0.343893907426101
yD^2,0.0647866124315724
yD^3,3.01128769877968
